{"property_type": {"mean": 0.37069978184259106, "std": 0.4829979774849036}, "rooms_number": {"mean": 3.107400570565531, "std": 1.1731235929856265}, "area": {"mean": 172.7342315345336, "std": 98.84462610369762}, "equipped_kitchen": {"mean": 0.6419581425454894, "std": 0.4794302828556282}, "furnished": {"mean": 0.01869920648239158, "std": 0.13546212042414546}, "open_fire": {"mean": 0.05063169755232182, "std": 0.21924707782908145}, "terrace": {"mean": 0.6493419317718697, "std": 0.47718177480199536}, "terrace_area": {"mean": 11.301920264665691, "std": 35.36028792345723}, "garden": {"mean": 0.3710354086256083, "std": 0.48308770313450367}, "garden_area": {"mean": 153.00115072039893, "std": 1462.5180145368668}, "land_area": {"mean": 712.4305851892696, "std": 7314.560685839788}, "facades_number": {"mean": 2.137774794428595, "std": 1.416628941851034}, "swimming_pool": {"mean": 0.022678781195310815, "std": 0.1488790967448913}, "building_state": {"mean": 0.5552225924771654, "std": 0.4969470652392519}, "localisation_score": {"mean": 397073.19036307605, "std": 141694.29628986667}}