{"coefficient": {"property_type": 25322.27410563453, "rooms_number": 11213.611827256653, "area": 143356.03751959832, "equipped_kitchen": 1357.666587035508, "furnished": 4507.115981115481, "open_fire": 7200.683777628323, "terrace": 8605.74418736447, "terrace_area": 14146.807352976562, "garden": 1479.8417972046955, "garden_area": 4426.529362891908, "land_area": 15957.75863810856, "facades_number": 2361.277504341586, "swimming_pool": 20069.00648143964, "building_state": 14777.208643581775, "localisation_score": 115678.88662199245}, "interception": 398460.92836765514}